Net Profit,Review
201792.4900000002,4
160255.50000000023,5
117499.50000000009,3
80504.82999999955,2
39652.789999999884,1
