Net Profit,Sub Category
171701.6399999999,TV
40034.81000000009,Oven
37117.4,Beverages
33386.28999999998,Refrigerator
27266.260000000148,Bread and cakes
24067.359999999968,Seafood
22338.4,Dishwasher
16729.520000000037,Toaster
16661.000000000076,Fruits and vegetables
14845.98000000001,Washer
14732.919999999966,Pants
13849.83999999993,Shorts
7988.549999999999,Caps
6118.749999999996,Vests
3760.16,Socks
