Product Category,Net Profit
Household appliances,390517.5299999976
Food and beverage,142615.23999999967
Clothing,66572.33999999992
