State,Net Profit
California,180891.25000000003
Washington,130611.45000000003
Oregon,68633.06999999999
Arizona,48022.319999999985
Nevada,22440.789999999994
