Year of Order,Order ID,Net Profit
2013,15556,135968.9599999995
2014,18303,149106.230000002
2015,15299,147886.87000000116
2016,18217,166743.05000000325
